caller	sample	chrom	start	end	svtype	lof	annotation	split_read_support	paired_support_PE	paired_support_PR
manta	PRJ180471_BK221-NET1	1	85140394	85140472	DEL		DEL|UPSTREAM_GENE_VARIANT|SSX2IP|ENST00000460500|NOT_PRIORITISED|3	68,10		19,0
manta	PRJ180471_BK221-NET1	1	156586839	156587214	DEL		DEL|UPSTREAM_GENE_VARIANT|RP11-284F21.11|ENST00000609800|NOT_PRIORITISED|3,DEL|UPSTREAM_GENE_VARIANT|HAPLN2|ENST00000255039|NOT_PRIORITISED|3,DEL|UPSTREAM_GENE_VARIANT|HAPLN2|ENST00000487988|NOT_PRIORITISED|3,DEL|UPSTREAM_GENE_VARIANT|HAPLN2|ENST00000456112|NOT_PRIORITISED|3,DEL|UPSTREAM_GENE_VARIANT|HAPLN2|ENST00000482204|NOT_PRIORITISED|3	58,6		107,0
manta	PRJ180471_BK221-NET1	8	94803187	94803269	DEL		DEL|UPSTREAM_GENE_VARIANT|TMEM67|ENST00000523230|NOT_PRIORITISED|3,DEL|UPSTREAM_GENE_VARIANT|TMEM67|ENST00000519845|NOT_PRIORITISED|3,DEL|DOWNSTREAM_GENE_VARIANT|TMEM67|ENST00000452276|NOT_PRIORITISED|3,DEL|DOWNSTREAM_GENE_VARIANT|TMEM67|ENST00000453906|NOT_PRIORITISED|3	107,11		28,0
manta	PRJ180471_BK221-NET1	9	133271915	133272020	DEL		DEL|UPSTREAM_GENE_VARIANT|AL354898.1|ENST00000277491|NOT_PRIORITISED|3,DEL|UPSTREAM_GENE_VARIANT|RN7SL665P|ENST00000578793|NOT_PRIORITISED|3,DEL|UPSTREAM_GENE_VARIANT|HMCN2|ENST00000480829|NOT_PRIORITISED|3	66,7		22,0
manta	PRJ180471_BK221-NET1	9	133959623	133960280	DEL		DEL|UPSTREAM_GENE_VARIANT|LAMC3|ENST00000462567|NOT_PRIORITISED|3	48,7		101,2
manta	PRJ180471_BK221-NET1	10	38116459	64610169	DUP		DUP|GENE_FUSION|EGR2&ZNF248|ENSG00000198105|NOT_PRIORITISED|3	51,10		81,23
manta	PRJ180471_BK221-NET1	10	118732654	118740559	DUP	(KIAA1598|ENSG00000187164|6|0.50)	DUP|UPSTREAM_GENE_VARIANT|KIAA1598|ENST00000497044|NOT_PRIORITISED|3			85,7
manta	PRJ180471_BK221-NET1	10	118735475	118737747	DUP		DUP|UPSTREAM_GENE_VARIANT|KIAA1598|ENST00000497044|NOT_PRIORITISED|3			83,9
manta	PRJ180471_BK221-NET1	10	118738231	118743533	INV		INV|UPSTREAM_GENE_VARIANT|KIAA1598|ENST00000497044|NOT_PRIORITISED|3			72,6
manta	PRJ180471_BK221-NET1	12	45135257	45271614	DEL	(NELL2|ENSG00000184613|20|0.65)	DEL|UPSTREAM_GENE_VARIANT|NELL2|ENST00000437801|NOT_PRIORITISED|3,DEL|UPSTREAM_GENE_VARIANT|NELL2|ENST00000395487|NOT_PRIORITISED|3,DEL|UPSTREAM_GENE_VARIANT|NELL2|ENST00000429094|NOT_PRIORITISED|3,DEL|UPSTREAM_GENE_VARIANT|NELL2|ENST00000551601|NOT_PRIORITISED|3,DEL|UPSTREAM_GENE_VARIANT|NELL2|ENST00000452445|NOT_PRIORITISED|3,DEL|UPSTREAM_GENE_VARIANT|NELL2|ENST00000549027|NOT_PRIORITISED|3,DEL|UPSTREAM_GENE_VARIANT|NELL2|ENST00000550313|NOT_PRIORITISED|3,DEL|UPSTREAM_GENE_VARIANT|NELL2|ENST00000547751|NOT_PRIORITISED|3,DEL|UPSTREAM_GENE_VARIANT|NELL2|ENST00000550462|NOT_PRIORITISED|3,DEL|UPSTREAM_GENE_VARIANT|NELL2|ENST00000547172|NOT_PRIORITISED|3,DEL|UPSTREAM_GENE_VARIANT|NELL2|ENST00000553120|NOT_PRIORITISED|3,DEL|UPSTREAM_GENE_VARIANT|NELL2|ENST00000548826|NOT_PRIORITISED|3,DEL|UPSTREAM_GENE_VARIANT|NELL2|ENST00000548531|NOT_PRIORITISED|3,DEL|UPSTREAM_GENE_VARIANT|NELL2|ENST00000546415|NOT_PRIORITISED|3,DEL|DOWNSTREAM_GENE_VARIANT|Y_RNA|ENST00000364918|NOT_PRIORITISED|3,DEL|DOWNSTREAM_GENE_VARIANT|NELL2|ENST00000550462|NOT_PRIORITISED|3,DEL|DOWNSTREAM_GENE_VARIANT|NELL2|ENST00000552993|NOT_PRIORITISED|3,DEL|DOWNSTREAM_GENE_VARIANT|NELL2|ENST00000547172|NOT_PRIORITISED|3,DEL|DOWNSTREAM_GENE_VARIANT|NELL2|ENST00000553120|NOT_PRIORITISED|3,DEL|DOWNSTREAM_GENE_VARIANT|NELL2|ENST00000548826|NOT_PRIORITISED|3,DEL|DOWNSTREAM_GENE_VARIANT|NELL2|ENST00000548531|NOT_PRIORITISED|3,DEL|DOWNSTREAM_GENE_VARIANT|NELL2|ENST00000546415|NOT_PRIORITISED|3,DEL|DOWNSTREAM_GENE_VARIANT|NELL2|ENST00000551949|NOT_PRIORITISED|3,DEL|EXON_DEL|NELL2|ENST00000549027|Exon1-11del|3,DEL|EXON_DEL|NELL2|ENST00000550313|Exon1-3del|3,DEL|EXON_DEL|NELL2|ENST00000551601|Exon1-11del|3,DEL|EXON_DEL|NELL2|ENST00000551949|Exon3-4del|3,DEL|EXON_DEL|NELL2|ENST00000437801|Exon1-10del|3,DEL|EXON_DEL|NELL2|ENST00000429094|Exon1-9del|3,DEL|EXON_DEL|NELL2|ENST00000552993|Exon2-10del|3,DEL|EXON_DEL|NELL2|ENST00000547751|Exon1-9del|3,DEL|EXON_DEL|NELL2|ENST00000452445|Exon1-10del|3,DEL|EXON_DEL|NELL2|ENST00000333837|Exon2-10del|3,DEL|EXON_DEL|NELL2|ENST00000395487|Exon1-9del|3			125,21
manta	PRJ180471_BK221-NET1	12	50138271	50138353	DEL		DEL|DOWNSTREAM_GENE_VARIANT|TMBIM6|ENST00000546885|NOT_PRIORITISED|3	45,13		11,0
manta	PRJ180471_BK221-NET1	12	67840179	71258130	DEL	(MYRFL|ENSG00000166268|5|1.00),(AC124890.1|ENSG00000251695|1|1.00),(FRS2|ENSG00000166225|12|1.00),(MDM1|ENSG00000111554|15|0.53),(YEATS4|ENSG00000127337|5|0.80),(MDM2|ENSG00000135679|37|0.84),(LYZ|ENSG00000090382|3|1.00),(SLC35E3|ENSG00000175782|4|0.50),(RAP1B|ENSG00000127314|33|0.85),(IL26|ENSG00000111536|1|1.00),(IFNG|ENSG00000111537|1|1.00),(PTPRB|ENSG00000127329|12|0.75),(CNOT2|ENSG00000111596|43|0.63),(CPM|ENSG00000135678|13|0.77),(AC025263.3|ENSG00000258052|1|1.00),(CCT2|ENSG00000166226|14|0.29),(BEST3|ENSG00000127325|13|0.85),(LRRC10|ENSG00000198812|1|1.00),(RAB3IP|ENSG00000127328|19|0.89),(CPSF6|ENSG00000111605|7|0.71),(NUP107|ENSG00000111581|13|0.46),(KCNMB4|ENSG00000135643|2|1.00),(DYRK2|ENSG00000127334|6|0.83),(IL22|ENSG00000127318|2|1.00),(PTPRR|ENSG00000153233|11|0.64)	DEL|EXON_DEL|PTPRR|ENST00000283228|Exon3-14del|3	25,21		39,41
manta	PRJ180471_BK221-NET1	17	2079342	2079417	DEL		DEL|UPSTREAM_GENE_VARIANT|SMG6|ENST00000575454|NOT_PRIORITISED|3,DEL|UPSTREAM_GENE_VARIANT|SMG6|ENST00000570874|NOT_PRIORITISED|3	81,7		23,0
manta	PRJ180471_BK221-NET1	19	45288742		BND:MantaBND:11:74790:148354:0:1:0:0:MantaBND:11:74790:148354:0:1:0:1		BND|BIDIRECTIONAL_GENE_FUSION|CBLC&GRAMD4|ENST00000270279|NOT_PRIORITISED|3,BND|BIDIRECTIONAL_GENE_FUSION|CBLC&GRAMD4|ENST00000341505|NOT_PRIORITISED|3	73,4		118,9
manta	PRJ180471_BK221-NET1	22	46993185		BND:MantaBND:11:74790:148354:0:1:0:1:MantaBND:11:74790:148354:0:1:0:0		BND|BIDIRECTIONAL_GENE_FUSION|CBLC&GRAMD4|ENST00000361034|NOT_PRIORITISED|3,BND|BIDIRECTIONAL_GENE_FUSION|CBLC&GRAMD4|ENST00000447351|NOT_PRIORITISED|3,BND|BIDIRECTIONAL_GENE_FUSION|CBLC&GRAMD4|ENST00000431155|NOT_PRIORITISED|3,BND|BIDIRECTIONAL_GENE_FUSION|CBLC&GRAMD4|ENST00000406902|NOT_PRIORITISED|3,BND|BIDIRECTIONAL_GENE_FUSION|CBLC&GRAMD4|ENST00000490378|NOT_PRIORITISED|3,BND|BIDIRECTIONAL_GENE_FUSION|CBLC&GRAMD4|ENST00000456069|NOT_PRIORITISED|3,BND|BIDIRECTIONAL_GENE_FUSION|CBLC&GRAMD4|ENST00000408031|NOT_PRIORITISED|3	73,4		118,9
